{
  "bins": 12,
  "candidate": "ridge_w040_zq12",
  "counts": [
    32868,
    32868,
    32868,
    32870,
    32868,
    32865,
    32873,
    32868,
    32865,
    32871,
    32869,
    32870
  ],
  "cuts": [
    -10380.759765625,
    -10180.7802734375,
    -10048.1904296875,
    -9875.01953125,
    -9626.08984375,
    -9440.0400390625,
    -9311.71533203125,
    -9087.6103515625,
    -8988.16015625,
    -8884.1298828125,
    -8654.2998046875
  ],
  "cv_rmse": 8.435784975784056,
  "fallback_weight": 0.729178982738786,
  "fallback_z": -9440.0400390625,
  "fold_scores": [
    6.545897529457214,
    5.888986300597872,
    8.106556624370265,
    7.092239456602499,
    12.729935093619986
  ],
  "in_sample_rmse": 8.202770172754168,
  "kernel_id": "surajranganath17/rogii-ridge-w040-zq12",
  "shrink": 0.0,
  "source_components": "outputs/local_ridge_final_blend_components_80_s32p256.parquet",
  "weights": [
    1.0,
    0.7710793222679369,
    0.44105785935495423,
    0.31580192106680405,
    0.20480312394887928,
    0.15127987683518157,
    0.5764127229787607,
    0.45319071124550625,
    0.5814116689797858,
    1.0,
    0.63553190221422,
    0.24874157735061003
  ]
}
