{
  "bins": 12,
  "candidate": "ridge_w040_zq12_shr1000",
  "counts": [
    32868,
    32868,
    32868,
    32870,
    32868,
    32865,
    32873,
    32868,
    32865,
    32871,
    32869,
    32870
  ],
  "cuts": [
    -10380.759765625,
    -10180.7802734375,
    -10048.1904296875,
    -9875.01953125,
    -9626.08984375,
    -9440.0400390625,
    -9311.71533203125,
    -9087.6103515625,
    -8988.16015625,
    -8884.1298828125,
    -8654.2998046875
  ],
  "cv_rmse": 8.467613989608983,
  "fallback_weight": 0.729178982738786,
  "fallback_z": -9440.0400390625,
  "fold_scores": [
    6.578642351277612,
    5.910016213600312,
    8.108964944837286,
    7.049139288310037,
    12.830812404453715
  ],
  "in_sample_rmse": 8.21665892299616,
  "kernel_id": "surajranganath17/rogii-ridge-w040-zq12-shr1000",
  "shrink": 1000.0,
  "source_components": "outputs/local_ridge_final_blend_components_80_s32p256.parquet",
  "weights": [
    0.9920036312371201,
    0.7698421562253849,
    0.4495650379124076,
    0.3280067354061008,
    0.22028605352222008,
    0.16834466661529685,
    0.5809226943352991,
    0.4613396504061676,
    0.5857750917985958,
    0.9920043394862503,
    0.638296881414213,
    0.2629263250739102
  ]
}
