{
  "bins": 11,
  "candidate": "ridge_w040_zq11",
  "counts": [
    35856,
    35857,
    35856,
    35857,
    35855,
    35856,
    35858,
    35856,
    35857,
    35858,
    35857
  ],
  "cuts": [
    -10356.8095703125,
    -10158.73046875,
    -9999.509765625,
    -9740.0400390625,
    -9508.0,
    -9372.740234375,
    -9138.16015625,
    -9011.26953125,
    -8904.6201171875,
    -8670.4755859375
  ],
  "cv_rmse": 8.451766624957754,
  "fallback_weight": 0.729178982738786,
  "fallback_z": -9440.0400390625,
  "fold_scores": [
    6.788186684353836,
    6.073045306105585,
    8.164070796720308,
    7.113337057472283,
    12.520137734723317
  ],
  "in_sample_rmse": 8.210971532955863,
  "kernel_id": "surajranganath17/rogii-ridge-w040-zq11",
  "shrink": 0.0,
  "source_components": "outputs/local_ridge_final_blend_components_80_s32p256.parquet",
  "weights": [
    1.0,
    0.7172243317343512,
    0.5747088004330836,
    0.24935279295666044,
    0.14315885289730246,
    0.38675227262666656,
    0.4672776019819231,
    0.44167807620014193,
    0.9696608147594837,
    0.6876922654909216,
    0.2516870050213492
  ]
}
