{
  "bins": 8,
  "candidate": "ridge_w040_zq08",
  "counts": [
    49301,
    49303,
    49305,
    49298,
    49307,
    49299,
    49307,
    49303
  ],
  "cuts": [
    -10272.66015625,
    -10048.1904296875,
    -9709.32763671875,
    -9440.0400390625,
    -9175.98291015625,
    -8988.16015625,
    -8790.23779296875
  ],
  "cv_rmse": 8.753194857165239,
  "fallback_weight": 0.729178982738786,
  "fallback_z": -9440.0400390625,
  "fold_scores": [
    6.616158544655175,
    6.103685231326679,
    8.245027992739,
    7.949769399735467,
    13.062894772785114
  ],
  "in_sample_rmse": 8.279641739649897,
  "kernel_id": "surajranganath17/rogii-ridge-w040-zq08",
  "shrink": 0.0,
  "source_components": "outputs/local_ridge_final_blend_components_80_s32p256.parquet",
  "weights": [
    1.0,
    0.5400067526138296,
    0.30609477719812783,
    0.14018735467148843,
    0.582059728315825,
    0.5218508536282068,
    0.7173957566432352,
    0.3589996001448754
  ]
}
