{
  "bins": 13,
  "candidate": "ridge_w040_zq13",
  "counts": [
    30341,
    30340,
    30339,
    30341,
    30339,
    30341,
    30340,
    30341,
    30337,
    30342,
    30340,
    30341,
    30341
  ],
  "cuts": [
    -10411.836838942309,
    -10203.256760817309,
    -10082.98046875,
    -9921.78778545673,
    -9685.4697265625,
    -9492.930513822115,
    -9381.900390625,
    -9203.44794170673,
    -9049.1904296875,
    -8973.240234375,
    -8845.650390625,
    -8626.441932091346
  ],
  "cv_rmse": 8.494120334418287,
  "fallback_weight": 0.729178982738786,
  "fallback_z": -9440.0400390625,
  "fold_scores": [
    6.193217504633084,
    6.2333079119210835,
    8.158632614759265,
    7.112986378494914,
    12.888968866609343
  ],
  "in_sample_rmse": 8.153767644973994,
  "kernel_id": "surajranganath17/rogii-ridge-w040-zq13",
  "shrink": 0.0,
  "source_components": "outputs/local_ridge_final_blend_components_80_s32p256.parquet",
  "weights": [
    1.0,
    0.7525872219129581,
    0.4706826953335357,
    0.5625838254347538,
    0.1519255997621034,
    0.16272839714258064,
    0.3962340463601376,
    0.5749928944555913,
    0.3020043939265004,
    0.8385603277803937,
    1.0,
    0.590619165428398,
    0.24616882988907385
  ]
}
